,GDP_1,GDP_2,GDP_4,GDP_6,GDP_8,UNRATE_1,UNRATE_2,UNRATE_4,UNRATE_6,UNRATE_8,INFRATE_1,INFRATE_2,INFRATE_4,INFRATE_6,INFRATE_8,GS1_1,GS1_2,GS1_4,GS1_6,GS1_8,TSPREAD_1,TSPREAD_2,TSPREAD_4,TSPREAD_6,TSPREAD_8
3/1/1959,NA,NA,NA,NA,NA,NA,NA,NA,NA,NA,NA,NA,NA,NA,NA,3.5,3.5,3.5,3.5,3.5,1.42,NA,NA,NA,NA
6/1/1959,0.022313398,NA,NA,NA,NA,-0.7333,NA,NA,NA,NA,0.001723051,NA,NA,NA,NA,3.92,3.92,3.92,3.92,3.92,1.1734,1.1734,NA,NA,NA
9/1/1959,0.000711755,0.011512576,NA,NA,NA,0.1667,-0.2833,NA,NA,NA,0.005151411,0.003437231,NA,NA,NA,4.6,4.6,4.6,4.6,4.6,0.9266,0.9266,NA,NA,NA
12/1/1959,0.002846333,0.001779044,NA,NA,NA,0.3333,0.25,NA,NA,NA,0.006034514,0.005592963,NA,NA,NA,4.92,4.92,4.92,4.92,4.92,0.5933,0.5933,0.5933,NA,NA
3/1/1960,0.02222418,0.012535256,0.012023916,NA,NA,-0.4667,-0.0667,-0.175,NA,NA,0.000908678,0.003471596,0.003454414,NA,NA,4.57,4.57,4.57,4.57,4.57,0.5534,0.5534,0.5534,NA,NA
6/1/1960,-0.005408467,0.008407856,0.00509345,NA,NA,0.1,-0.18335,0.033325,NA,NA,0.005989504,0.003449091,0.004521027,NA,NA,3.87,3.87,3.87,3.87,3.87,0.5633,0.5633,0.5633,0.5633,NA
9/1/1960,0.004880816,-0.000263825,0.006135715,0.007928002,NA,0.3,0.2,0.06665,-0.05,NA,0.000564539,0.003277022,0.003374309,0.003395283,NA,3.07,3.07,3.07,3.07,3.07,0.8966,0.8966,0.8966,0.8966,NA
12/1/1960,-0.012917411,-0.004018297,0.002194779,0.002056201,NA,0.7334,0.5167,0.166675,0.19445,NA,0.006400561,0.00348255,0.003465821,0.004174868,NA,2.99,2.99,2.99,2.99,2.99,1.59,1.59,1.59,1.59,1.59
3/1/1961,0.006727609,-0.003094901,-0.001679363,0.003058843,0.005172277,0.5333,0.63335,0.416675,0.25555,0.1208375,0.002012748,0.004206654,0.003741838,0.003651757,0.003598126,2.87,2.87,2.87,2.87,2.87,1.7834,1.7834,1.7834,1.7834,1.7834
6/1/1961,0.016832324,0.011779967,0.003880835,0.005389842,0.004487142,0.2,0.36665,0.441675,0.233333333,0.2375,-0.000335177,0.000838786,0.002160668,0.002590142,0.003340847,2.94,2.94,2.94,2.94,2.94,2.0567,2.0567,2.0567,2.0567,2.0567
9/1/1961,0.019014468,0.017923396,0.007414248,0.00485489,0.006774981,-0.2333,-0.01665,0.30835,0.272233333,0.1875,0.003904536,0.00178468,0.002995667,0.003089452,0.003184988,3.01,3.01,3.01,3.01,3.01,2.2967,2.2967,2.2967,2.2967,2.2967
12/1/1961,0.019421273,0.01921787,0.015498919,0.00899318,0.008846849,-0.5667,-0.4,-0.016675,0.161116667,0.075,0.001444858,0.002674697,0.001756741,0.002332011,0.002611281,3.1,3.1,3.1,3.1,3.1,1.5733,1.5733,1.5733,1.5733,1.5733
3/1/1962,0.017678797,0.018550035,0.018236716,0.011126177,0.008278676,-0.5667,-0.5667,-0.291675,0.016666667,0.0625,0.003883746,0.002664302,0.002224491,0.002885212,0.002983164,3.21,3.21,3.21,3.21,3.21,1.56,1.56,1.56,1.56,1.56
6/1/1962,0.008996131,0.013337464,0.016277667,0.014778434,0.010079251,-0.1,-0.33335,-0.366675,-0.122233333,0.0375,0.003756218,0.003819982,0.00324734,0.002444488,0.002704004,3.02,3.02,3.02,3.02,3.02,1.2666,1.2666,1.2666,1.2666,1.2666
9/1/1962,0.012210229,0.01060318,0.014576607,0.015692204,0.010995427,0.0334,-0.0333,-0.3,-0.20555,0.004175,0.002864853,0.003310536,0.002987419,0.002586506,0.002991543,3.18,3.18,3.18,3.18,3.18,1.1433,1.1433,1.1433,1.1433,1.1433
12/1/1962,0.003283211,0.00774672,0.010542092,0.013434018,0.013020505,-0.0334,0,-0.166675,-0.24445,-0.091675,0.002415687,0.00264027,0.003230126,0.003044983,0.002493434,3,3,3,3,3,0.98,0.98,0.98,0.98,0.98
3/1/1963,0.010856905,0.007070058,0.008836619,0.012074424,0.013536667,0.2334,0.1,0.03335,-0.166666667,-0.1291625,0.00317796,0.002796824,0.00305368,0.002923887,0.002639085,3.03,3.03,3.03,3.03,3.03,0.9266,0.9266,0.9266,0.9266,0.9266
6/1/1963,0.011158748,0.011007826,0.009377273,0.010697337,0.01282747,-0.0334,0.1,0.05,-0.077783333,-0.1583375,0.001855434,0.002516697,0.002578484,0.002992316,0.002912912,3.14,3.14,3.14,3.14,3.14,1,1,1,1,1
9/1/1963,0.021746089,0.016452419,0.011761238,0.011375219,0.013168923,-0.2333,-0.13335,-0.016675,-0.022216667,-0.1583375,0.006096017,0.003975726,0.003386275,0.003361028,0.003186847,3.53,3.53,3.53,3.53,3.53,0.7033,0.7033,0.7033,0.7033,0.7033
12/1/1963,0.006534562,0.014140326,0.012574076,0.010964957,0.011558084,0.0667,-0.0833,0.00835,0.005566667,-0.0791625,0.002707919,0.004401968,0.003459332,0.003186312,0.003344729,3.73,3.73,3.73,3.73,3.73,0.6667,0.6667,0.6667,0.6667,0.6667
3/1/1964,0.020863619,0.01369909,0.015075755,0.012407189,0.011956187,-0.1,-0.01665,-0.075,-0.016666667,-0.020825,0.00410476,0.003406339,0.003691032,0.003392963,0.003372356,3.83,3.83,3.83,3.83,3.83,0.7167,0.7167,0.7167,0.7167,0.7167
6/1/1964,0.010828209,0.015845914,0.01499312,0.013664689,0.012185196,-0.2667,-0.18335,-0.133325,-0.05555,-0.0416625,0.001615248,0.002860004,0.003630986,0.003259556,0.003104735,3.86,3.86,3.86,3.86,3.86,0.71,0.71,0.71,0.71,0.71
9/1/1964,0.015502227,0.013165218,0.013432154,0.014438909,0.012596696,-0.2,-0.23335,-0.125,-0.127783333,-0.0708375,0.002256973,0.001936111,0.002671225,0.003106059,0.00302875,3.77,3.77,3.77,3.77,3.77,0.7366,0.7366,0.7366,0.7366,0.7366
12/1/1964,0.003084168,0.009293197,0.012569556,0.013093146,0.012571816,-0.0333,-0.11665,-0.15,-0.127766667,-0.070825,0.00460452,0.003430747,0.003145375,0.003564239,0.003302354,3.93,3.93,3.93,3.93,3.93,0.5966,0.5966,0.5966,0.5966,0.5966
3/1/1965,0.023909529,0.013496849,0.013331033,0.013453719,0.014203394,-0.0667,-0.05,-0.141675,-0.1,-0.1083375,0.00309523,0.003849875,0.002892993,0.003064108,0.003292013,4.01,4.01,4.01,4.01,4.01,0.23,0.23,0.23,0.23,0.23
6/1/1965,0.012553584,0.018231556,0.013762377,0.014456889,0.014377748,-0.2333,-0.15,-0.133325,-0.15,-0.133325,0.006371477,0.004733353,0.00408205,0.003674701,0.003856518,4.02,4.02,4.02,4.02,4.02,0.13,0.13,0.13,0.13,0.13
9/1/1965,0.021989138,0.017271361,0.015384105,0.014644476,0.014408129,-0.3,-0.26665,-0.158325,-0.183333333,-0.1416625,0.002958465,0.004664971,0.004257423,0.003483652,0.003464324,4.08,4.08,4.08,4.08,4.08,0.1734,0.1734,0.1734,0.1734,0.1734
12/1/1965,0.02277901,0.022384074,0.020307815,0.016636276,0.016438685,-0.2667,-0.28335,-0.216675,-0.183333333,-0.1833375,0.005264225,0.004111345,0.004422349,0.004091815,0.003783862,4.46,4.46,4.46,4.46,4.46,0.3066,0.3066,0.3066,0.3066,0.3066
3/1/1966,0.024050767,0.023414888,0.020343125,0.018061033,0.016837079,-0.2333,-0.25,-0.258325,-0.188883333,-0.2,0.009301489,0.007282857,0.005973914,0.005265901,0.004433453,4.93,4.93,4.93,4.93,4.93,0.2133,0.2133,0.2133,0.2133,0.2133
6/1/1966,0.003410345,0.013730556,0.018057315,0.018115395,0.015909846,-0.0334,-0.13335,-0.20835,-0.1889,-0.1708375,0.009008594,0.009155041,0.006633193,0.005999913,0.005357622,4.93,4.93,4.93,4.93,4.93,-0.1333,-0.1333,-0.1333,-0.1333,-0.1333
9/1/1966,0.00843339,0.005921867,0.014668378,0.015536039,0.015026241,-0.0666,-0.05,-0.15,-0.188883333,-0.1541625,0.008621619,0.008815107,0.008048982,0.006920978,0.006153202,5.51,5.51,5.51,5.51,5.51,-0.27,-0.27,-0.27,-0.27,-0.27
12/1/1966,0.008170255,0.008301822,0.011016189,0.014805484,0.015662002,-0.0667,-0.06665,-0.1,-0.161116667,-0.1583375,0.008140503,0.008381061,0.008768051,0.007215816,0.0065952,5.44,5.44,5.44,5.44,5.44,-0.56,-0.56,-0.56,-0.56,-0.56
3/1/1967,0.008816883,0.008493569,0.007207718,0.012610108,0.013775421,0.1333,0.0333,-0.00835,-0.0889,-0.1333375,0.002533031,0.005336767,0.007075937,0.00714491,0.006524925,4.6,4.6,4.6,4.6,4.6,-0.24,-0.24,-0.24,-0.24,-0.24
6/1/1967,0.000612522,0.004714703,0.006508262,0.008915694,0.012282789,0,0.06665,0,-0.04445,-0.104175,0.006048399,0.004290715,0.006335888,0.007275606,0.006484541,4.25,4.25,4.25,4.25,4.25,0.83,0.83,0.83,0.83,0.83
9/1/1967,0.009416848,0.005014685,0.006754127,0.006476707,0.010711253,-0.0333,-0.01665,0.008325,-0.011116667,-0.0708375,0.009999078,0.008023739,0.006680253,0.007391871,0.007364617,5.13,5.13,5.13,5.13,5.13,1.3534,1.3534,1.3534,1.3534,1.3534
12/1/1967,0.007511918,0.008464383,0.006589543,0.007160303,0.008802866,0.1,0.03335,0.05,0.011116667,-0.025,0.010886792,0.010442935,0.007366825,0.007704904,0.008067438,5.56,5.56,5.56,5.56,5.56,1.47,1.47,1.47,1.47,1.47
3/1/1968,0.020189739,0.013850828,0.009432757,0.009119694,0.008320238,-0.1667,-0.03335,-0.025,-0.005566667,-0.016675,0.009793413,0.010340103,0.009181921,0.007900203,0.008128929,5.47,5.47,5.47,5.47,5.47,0.8233,0.8233,0.8233,0.8233,0.8233
6/1/1968,0.016570048,0.018379893,0.013422138,0.01051966,0.0099652,-0.1666,-0.16665,-0.06665,-0.022216667,-0.033325,0.009698432,0.009745923,0.010094429,0.008159858,0.008215158,5.94,5.94,5.94,5.94,5.94,-0.2367,-0.2367,-0.2367,-0.2367,-0.2367
9/1/1968,0.007719847,0.012144948,0.012997888,0.01033682,0.009876008,-0.0334,-0.1,-0.066675,-0.05,-0.029175,0.013423986,0.011561209,0.010950656,0.009975017,0.008815454,5.51,5.51,5.51,5.51,5.51,-0.4833,-0.4833,-0.4833,-0.4833,-0.4833
12/1/1968,0.003925313,0.00582258,0.012101237,0.010888952,0.00934539,-0.1333,-0.08335,-0.125,-0.072216667,-0.0375,0.012303994,0.01286399,0.011304956,0.011017616,0.009335891,5.84,5.84,5.84,5.84,5.84,-0.1467,-0.1467,-0.1467,-0.1467,-0.1467
3/1/1969,0.01552986,0.009727587,0.010936267,0.011907788,0.010184512,0,-0.06665,-0.083325,-0.066666667,-0.0541625,0.012157232,0.012230613,0.011895911,0.011377308,0.010538916,6.36,6.36,6.36,6.36,6.36,-0.39,-0.39,-0.39,-0.39,-0.39
6/1/1969,0.003035462,0.009282661,0.007552621,0.011161712,0.010487379,0.0333,0.01665,-0.03335,-0.077783333,-0.05,0.015673903,0.013915568,0.013389779,0.01217516,0.011742104,6.57,6.57,6.57,6.57,6.57,-1.9734,-1.9734,-1.9734,-1.9734,-1.9734
9/1/1969,0.006583403,0.004809432,0.00726851,0.008893989,0.010133199,0.1334,0.08335,0.00835,-0.027766667,-0.0291625,0.013630392,0.014652147,0.01344138,0.012814657,0.012196018,7.65,7.65,7.65,7.65,7.65,-2.1266,-2.1266,-2.1266,-2.1266,-2.1266
12/1/1969,-0.004888783,0.00084731,0.005064986,0.005317517,0.008583111,0,0.0667,0.041675,0,-0.0416625,0.01522735,0.014428871,0.014172219,0.013736143,0.012738588,7.9,7.9,7.9,7.9,7.9,-1.6433,-1.6433,-1.6433,-1.6433,-1.6433
3/1/1970,-0.001485953,-0.003187368,0.000811032,0.003783217,0.00587365,0.6,0.3,0.191675,0.105566667,0.054175,0.015873349,0.01555035,0.015101248,0.01414437,0.01349858,7.55,7.55,7.55,7.55,7.55,-1.2066,-1.2066,-1.2066,-1.2066,-1.2066
6/1/1970,0.001418191,-3.39E-05,0.000406715,0.003365363,0.003979668,0.6,0.6,0.33335,0.227783333,0.15,0.013900317,0.014886833,0.014657852,0.014410424,0.014023815,7.45,7.45,7.45,7.45,7.45,-0.1667,-0.1667,-0.1667,-0.1667,-0.1667
9/1/1970,0.009173548,0.005295869,0.001054251,0.002305978,0.00416138,0.4,0.5,0.4,0.29445,0.204175,0.010300529,0.012100423,0.013825386,0.014100973,0.013633383,6.94,6.94,6.94,6.94,6.94,0.7567,0.7567,0.7567,0.7567,0.7567
12/1/1970,-0.01077427,-0.000800361,-0.000417121,4.36E-06,0.002323932,0.6666,0.5333,0.56665,0.4,0.3041625,0.01441399,0.01235726,0.013622046,0.013890988,0.013897133,5.65,5.65,5.65,5.65,5.65,1.2866,1.2866,1.2866,1.2866,1.2866
3/1/1971,0.026797629,0.00801168,0.006653775,0.003373394,0.003732403,0.1,0.3833,0.44165,0.394433333,0.3166625,0.008381444,0.011397717,0.01174907,0.013016163,0.013425159,4.05,4.05,4.05,4.05,4.05,2.16,2.16,2.16,2.16,2.16
6/1/1971,0.005396532,0.01609708,0.00764836,0.005087613,0.004027537,-0.0333,0.03335,0.283325,0.388883333,0.3083375,0.009140907,0.008761175,0.010559218,0.012001756,0.012608535,4.99,4.99,4.99,4.99,4.99,1.6834,1.6834,1.6834,1.6834,1.6834
9/1/1971,0.008196166,0.006796349,0.007404014,0.006701299,0.004229132,0.1333,0.05,0.21665,0.3111,0.308325,0.009876623,0.009508765,0.010453241,0.011002302,0.012139314,5.75,5.75,5.75,5.75,5.75,1.01,1.01,1.01,1.01,1.01
12/1/1971,0.002355018,0.005275592,0.010686336,0.006857437,0.005134608,-0.1,0.01665,0.025,0.194433333,0.295825,0.007343974,0.008610299,0.008685737,0.009909578,0.011153892,4.73,4.73,4.73,4.73,4.73,1.14,1.14,1.14,1.14,1.14
3/1/1972,0.018222492,0.010288755,0.008542552,0.008365594,0.007598163,-0.1666,-0.1333,-0.04165,0.1,0.2,0.008096404,0.007720189,0.008614477,0.009542224,0.010181774,4.41,4.41,4.41,4.41,4.41,2.4933,2.4933,2.4933,2.4933,2.4933
6/1/1972,0.022443838,0.020333165,0.012804379,0.013901946,0.010226369,-0.0667,-0.11665,-0.05,-0.022216667,0.1166625,0.006431697,0.00726405,0.007937175,0.008211842,0.009248196,4.84,4.84,4.84,4.84,4.84,1.8433,1.8433,1.8433,1.8433,1.8433
9/1/1972,0.009399595,0.015921717,0.013105236,0.011002273,0.010254625,-0.1333,-0.1,-0.11665,-0.0611,0.05,0.007980093,0.007205895,0.007463042,0.00814495,0.008958142,5.15,5.15,5.15,5.15,5.15,1.55,1.55,1.55,1.55,1.55
12/1/1972,0.016605967,0.013002781,0.016667973,0.012870513,0.013677155,-0.2,-0.16665,-0.14165,-0.088883333,-0.058325,0.010282416,0.009131255,0.008197652,0.008335201,0.008441695,5.44,5.44,5.44,5.44,5.44,1.23,1.23,1.23,1.23,1.23
3/1/1973,0.024446855,0.020526411,0.018224064,0.015578961,0.013383308,-0.4334,-0.3167,-0.20835,-0.183333333,-0.125,0.015611558,0.012946987,0.010076441,0.009291024,0.009345459,6.31,6.31,6.31,6.31,6.31,0.0666,0.0666,0.0666,0.0666,0.0666
6/1/1973,0.010827683,0.017637269,0.015320025,0.016991072,0.014062202,0,-0.2167,-0.191675,-0.166666667,-0.1208375,0.02069834,0.018154949,0.013643102,0.011516751,0.010790138,7.02,7.02,7.02,7.02,7.02,-1.01,-1.01,-1.01,-1.01,-1.01
9/1/1973,-0.005272903,0.00277739,0.011651901,0.013075173,0.012378568,-0.1333,-0.06665,-0.191675,-0.161116667,-0.1541625,0.019535565,0.020116952,0.01653197,0.013423278,0.011997506,8.51,8.51,8.51,8.51,8.51,-3.3533,-3.3533,-3.3533,-3.3533,-3.3533
12/1/1973,0.009447486,0.002087291,0.00986228,0.010909114,0.013265127,-0.0333,-0.0833,-0.15,-0.15555,-0.145825,0.024982205,0.022258885,0.020206917,0.016515029,0.014202285,7.41,7.41,7.41,7.41,7.41,-3.2434,-3.2434,-3.2434,-3.2434,-3.2434
3/1/1974,-0.008634824,0.000406331,0.001591861,0.007903377,0.009907962,0.3666,0.16665,0.05,-0.072233333,-0.079175,0.029319951,0.027151078,0.023634015,0.020071672,0.016855228,7.35,7.35,7.35,7.35,7.35,-2.27,-2.27,-2.27,-2.27,-2.27
6/1/1974,0.002373951,-0.003130436,-0.000521573,0.005531375,0.007399226,0.0667,0.21665,0.066675,-0.027783333,-0.0625,0.026427815,0.027873883,0.025066384,0.022762572,0.019354743,8.69,8.69,8.69,8.69,8.69,-3.7067,-3.7067,-3.7067,-3.7067,-3.7067
9/1/1974,-0.009496285,-0.003561167,-0.001577418,-0.000125815,0.005037241,0.4333,0.25,0.208325,0.116666667,0.008325,0.027750004,0.02708891,0.027119994,0.024785647,0.021825982,9.01,9.01,9.01,9.01,9.01,-4.1267,-4.1267,-4.1267,-4.1267,-4.1267
12/1/1974,-0.003888965,-0.006692625,-0.004911531,-0.00257859,0.002475375,0.9667,0.7,0.458325,0.277783333,0.1541625,0.030246882,0.028998443,0.028436163,0.02637707,0.02432154,7.67,7.67,7.67,7.67,7.67,-1.6767,-1.6767,-1.6767,-1.6767,-1.6767
3/1/1975,-0.012247703,-0.008068334,-0.005814751,-0.003741057,-0.002111445,1.6667,1.3167,0.78335,0.577783333,0.416675,0.021147843,0.025697362,0.026393136,0.026645783,0.025013576,6.31,6.31,6.31,6.31,6.31,1.2367,1.2367,1.2367,1.2367,1.2367
6/1/1975,0.007120029,-0.002563837,-0.004628231,-0.004128966,-0.002574902,0.6,1.13335,0.916675,0.683333333,0.491675,0.011975557,0.0165617,0.022780071,0.024478009,0.023923228,6.53,6.53,6.53,6.53,6.53,2.63,2.63,2.63,2.63,2.63
9/1/1975,0.016971737,0.012045883,0.001988775,0.000138794,0.000205678,-0.4,0.1,0.70835,0.555566667,0.4583375,0.019852383,0.01591397,0.020805666,0.022900081,0.02396283,7.52,7.52,7.52,7.52,7.52,2.1367,2.1367,2.1367,2.1367,2.1367
12/1/1975,0.013375227,0.015173482,0.006304823,0.00197234,0.000696646,-0.1667,-0.28335,0.425,0.516666667,0.4416625,0.018259778,0.01905608,0.01780889,0.021538741,0.023122527,6.68,6.68,6.68,6.68,6.68,2.65,2.65,2.65,2.65,2.65
3/1/1976,0.022238491,0.017806859,0.014926371,0.007261469,0.00455581,-0.5667,-0.3667,-0.13335,0.35,0.325,0.011393823,0.014826801,0.015370385,0.018812711,0.020881761,5.98,5.98,5.98,5.98,5.98,2.9266,2.9266,2.9266,2.9266,2.9266
6/1/1976,0.007310171,0.014774331,0.014973906,0.009127992,0.005172838,-0.1666,-0.36665,-0.325,0.161116667,0.2958375,0.008904778,0.010149301,0.014602691,0.015255694,0.018691381,6.28,6.28,6.28,6.28,6.28,2.5766,2.5766,2.5766,2.5766,2.5766
9/1/1976,0.005472205,0.006391188,0.012099023,0.01208131,0.007043899,0.1666,0,-0.18335,-0.0889,0.2625,0.015831465,0.012368122,0.013597461,0.014369631,0.017201564,6.01,6.01,6.01,6.01,6.01,2.4467,2.4467,2.4467,2.4467,2.4467
12/1/1976,0.007222319,0.006347262,0.010560796,0.012098358,0.008432809,0.0334,0.1,-0.133325,-0.183333333,0.1458375,0.014438026,0.015134745,0.012642023,0.014780042,0.015225457,5.23,5.23,5.23,5.23,5.23,2.3167,2.3167,2.3167,2.3167,2.3167
3/1/1977,0.01174567,0.009483994,0.007937591,0.011227347,0.011431981,-0.2667,-0.11665,-0.058325,-0.161116667,-0.0958375,0.018182892,0.016310459,0.01433929,0.014501794,0.014854838,5.42,5.42,5.42,5.42,5.42,2.6933,2.6933,2.6933,2.6933,2.6933
6/1/1977,0.019254528,0.015500099,0.01092368,0.01220723,0.012948793,-0.3667,-0.3167,-0.10835,-0.19445,-0.216675,0.017303814,0.017743353,0.016439049,0.014342466,0.01552087,5.69,5.69,5.69,5.69,5.69,2.2133,2.2133,2.2133,2.2133,2.2133
9/1/1977,0.017882656,0.018568592,0.014026293,0.011481258,0.013062658,-0.2333,-0.3,-0.208325,-0.138883333,-0.1958375,0.013741354,0.015522584,0.015916521,0.014733722,0.014756991,6.28,6.28,6.28,6.28,6.28,1.5367,1.5367,1.5367,1.5367,1.5367
12/1/1977,2.19E-05,0.008952264,0.012226181,0.010266541,0.011393489,-0.2333,-0.2333,-0.275,-0.15,-0.2041625,0.014630435,0.014185894,0.015964624,0.015687998,0.014303323,6.96,6.96,6.96,6.96,6.96,1.0834,1.0834,1.0834,1.0834,1.0834
3/1/1978,0.003186694,0.001604283,0.010086437,0.009885623,0.009012014,-0.3334,-0.28335,-0.291675,-0.233333333,-0.175,0.017066014,0.015848224,0.015685404,0.015893756,0.015012347,7.31,7.31,7.31,7.31,7.31,1.2533,1.2533,1.2533,1.2533,1.2533
6/1/1978,0.03791458,0.020550637,0.01475145,0.015001,0.012837565,-0.3333,-0.33335,-0.283325,-0.29445,-0.1958375,0.022485653,0.019775834,0.016980864,0.017235027,0.016709957,7.79,7.79,7.79,7.79,7.79,1.0367,1.0367,1.0367,1.0367,1.0367
9/1/1978,0.010005012,0.023959796,0.012782039,0.01471089,0.013404166,0.0333,-0.15,-0.216675,-0.24445,-0.2125,0.023001258,0.022743456,0.01929584,0.018038088,0.017606181,8.45,8.45,8.45,8.45,8.45,0.39,0.39,0.39,0.39,0.39
12/1/1978,0.013351929,0.01167847,0.016114554,0.013727124,0.014170367,-0.1333,-0.05,-0.191675,-0.20555,-0.2333375,0.022977529,0.022989393,0.021382613,0.018983707,0.018673619,9.82,9.82,9.82,9.82,9.82,-0.7633,-0.7633,-0.7633,-0.7633,-0.7633
3/1/1979,0.001796222,0.007574076,0.015766936,0.011046051,0.012926687,-0.0333,-0.0833,-0.11665,-0.172216667,-0.2041625,0.024873265,0.023925397,0.023334426,0.020839026,0.019509915,10.3,10.3,10.3,10.3,10.3,-0.9666,-0.9666,-0.9666,-0.9666,-0.9666
6/1/1979,0.001068719,0.001432471,0.006555471,0.011220526,0.01065346,-0.1667,-0.1,-0.075,-0.161116667,-0.1791625,0.031297007,0.028085136,0.025537264,0.023616788,0.021259064,9.94,9.94,9.94,9.94,9.94,-1.0667,-1.0667,-1.0667,-1.0667,-1.0667
9/1/1979,0.007401278,0.004234998,0.005904537,0.011922957,0.009343288,0.1667,0,-0.04165,-0.077766667,-0.1291625,0.03170493,0.031500968,0.027713182,0.026056607,0.023504511,10.15,10.15,10.15,10.15,10.15,-1.8434,-1.8434,-1.8434,-1.8434,-1.8434
12/1/1979,0.002497614,0.004949446,0.003190958,0.006020129,0.009652756,0.1,0.13335,0.016675,-0.00555,-0.0875,0.031168603,0.031436766,0.029760951,0.027503765,0.025571782,12.27,12.27,12.27,12.27,12.27,-3.13,-3.13,-3.13,-3.13,-3.13
3/1/1980,0.003140217,0.002818915,0.003526957,0.004875997,0.009646946,0.3333,0.21665,0.108325,0.04445,-0.0041625,0.03869788,0.034933242,0.033217105,0.030119869,0.028275766,13.93,13.93,13.93,13.93,13.93,-3.06,-3.06,-3.06,-3.06,-3.06
6/1/1980,-0.020820007,-0.008839895,-0.001945225,-0.000819326,0.002305123,1.0333,0.6833,0.408325,0.238883333,0.1666625,0.033184719,0.0359413,0.033689033,0.031821067,0.029613149,10.28,10.28,10.28,10.28,10.28,-2.21,-2.21,-2.21,-2.21,-2.21
9/1/1980,-0.001189193,-0.0110046,-0.004092842,-0.001316895,0.000905847,0.3334,0.68335,0.45,0.3,0.204175,0.018593506,0.025889113,0.030411177,0.030774441,0.02906218,10.14,10.14,10.14,10.14,10.14,1.1166,1.1166,1.1166,1.1166,1.1166
12/1/1980,0.018477486,0.008644146,-9.79E-05,0.001584566,0.001546542,-0.2667,0.03335,0.358325,0.283333333,0.1875,0.027648681,0.023121093,0.029531197,0.030166387,0.029646074,13.84,13.84,13.84,13.84,13.84,-3.43,-3.43,-3.43,-3.43,-3.43
3/1/1981,0.019404882,0.018941184,0.003968292,0.003585167,0.003747625,0.0333,-0.1167,0.283325,0.2611,0.195825,0.027282384,0.027465532,0.026677322,0.029429296,0.029947214,14.12,14.12,14.12,14.12,14.12,-3.61,-3.61,-3.61,-3.61,-3.61
6/1/1981,-0.007438376,0.005983253,0.0073137,0.001929168,0.002684238,-0.0333,0,0.016675,0.238883333,0.2125,0.02063551,0.023958947,0.02354002,0.02767378,0.028614527,15.13,15.13,15.13,15.13,15.13,-4.03,-4.03,-4.03,-4.03,-4.03
9/1/1981,0.011904108,0.002232866,0.010587025,0.003389817,0.003247091,0,-0.01665,-0.066675,0.183333333,0.1916625,0.027469214,0.024052362,0.025758947,0.025802336,0.028085062,16.32,16.32,16.32,16.32,16.32,-2.73,-2.73,-2.73,-2.73,-2.73
12/1/1981,-0.010955252,0.000474428,0.003228841,0.005033943,0.001565483,0.8333,0.41665,0.208325,0.15,0.283325,0.016126486,0.02179785,0.022878398,0.022959297,0.026204798,13.55,13.55,13.55,13.55,13.55,0.5,0.5,0.5,0.5,0.5
3/1/1982,-0.015657344,-0.013306298,-0.005536716,0.002622584,-0.000784212,0.6,0.71665,0.35,0.194433333,0.3166625,0.008847694,0.01248709,0.018269726,0.021334995,0.022473524,14.33,14.33,14.33,14.33,14.33,0.0666,0.0666,0.0666,0.0666,0.0666
6/1/1982,0.004551591,-0.005552877,-0.002539224,0.000301602,0.002387238,0.6,0.6,0.508325,0.338883333,0.2625,0.01434378,0.011595737,0.016696793,0.019117511,0.020118407,13.8,13.8,13.8,13.8,13.8,-0.5833,-0.5833,-0.5833,-0.5833,-0.5833
9/1/1982,-0.003830279,0.000360656,-0.006472821,-0.003570925,0.002057102,0.4667,0.53335,0.625,0.411116667,0.2791625,0.017217367,0.015780574,0.014133832,0.017440009,0.019946389,11.84,11.84,11.84,11.84,11.84,2.11,2.11,2.11,2.11,2.11
12/1/1982,0.000399345,-0.001715467,-0.003634172,-0.002264638,-0.000202666,0.7667,0.6167,0.60835,0.54445,0.4083375,0.003068011,0.010142689,0.010869213,0.014512092,0.016873806,9.13,9.13,9.13,9.13,9.13,1.38,1.38,1.38,1.38,1.38
3/1/1983,0.013092462,0.006745903,0.00355328,-0.002066579,-0.000991718,-0.3,0.23335,0.38335,0.49445,0.366675,0.000680844,0.001874427,0.008827501,0.010047364,0.013548613,8.86,8.86,8.86,8.86,8.86,1.91,1.91,1.91,1.91,1.91
6/1/1983,0.022500997,0.017796729,0.008040631,0.003509462,0.002750704,-0.2334,-0.2667,0.175,0.316666667,0.3416625,0.01149793,0.006089387,0.008116038,0.009275938,0.012406416,9.18,9.18,9.18,9.18,9.18,1.74,1.74,1.74,1.74,1.74
9/1/1983,0.019793498,0.021147247,0.013946575,0.009417936,0.003736877,-0.7666,-0.5,-0.133325,0.0889,0.2458375,0.009704277,0.010601104,0.006237766,0.009418702,0.010185799,10.3,10.3,10.3,10.3,10.3,2.1667,2.1667,2.1667,2.1667,2.1667
12/1/1983,0.020647558,0.020220528,0.019008629,0.012100597,0.007687228,-0.8334,-0.8,-0.53335,-0.15,0.0375,0.00994044,0.009822358,0.007955873,0.008684812,0.009412543,9.95,9.95,9.95,9.95,9.95,2.2567,2.2567,2.2567,2.2567,2.2567
3/1/1984,0.019359094,0.020003326,0.020575287,0.015965492,0.012064283,-0.6666,-0.75,-0.625,-0.338883333,-0.120825,0.014077498,0.012008969,0.011305036,0.0081615,0.010066268,10.18,10.18,10.18,10.18,10.18,2.2566,2.2566,2.2566,2.2566,2.2566
6/1/1984,0.017130343,0.018244718,0.019232623,0.018753992,0.013636627,-0.4334,-0.55,-0.675,-0.5389,-0.25,0.009383989,0.011730743,0.010776551,0.009214163,0.009446295,11.55,11.55,11.55,11.55,11.55,2.6433,2.6433,2.6433,2.6433,2.6433
9/1/1984,0.009594467,0.013362405,0.016682865,0.018170993,0.01531472,0,-0.2167,-0.48335,-0.4889,-0.3083375,0.008658063,0.009021026,0.010514997,0.010543699,0.008376381,11.81,11.81,11.81,11.81,11.81,1.4767,1.4767,1.4767,1.4767,1.4767
12/1/1984,0.008175121,0.008884794,0.013564756,0.015783347,0.016286692,-0.1333,-0.06665,-0.308325,-0.472216667,-0.4208375,0.008583744,0.008620903,0.010175823,0.010058002,0.009065848,10.02,10.02,10.02,10.02,10.02,2.4766,2.4766,2.4766,2.4766,2.4766
3/1/1985,0.009644213,0.008909667,0.011136036,0.014091799,0.015855661,-0.0667,-0.1,-0.15835,-0.355566667,-0.391675,0.009138553,0.008861148,0.008941087,0.009963714,0.010123062,9.39,9.39,9.39,9.39,9.39,3.1066,3.1066,3.1066,3.1066,3.1066
6/1/1985,0.008766019,0.009205116,0.009044955,0.012111543,0.014138789,0.0667,0,-0.033325,-0.20555,-0.3541625,0.009054863,0.009096708,0.008858806,0.009816118,0.009817678,8.47,8.47,8.47,8.47,8.47,2.89,2.89,2.89,2.89,2.89
9/1/1985,0.015155812,0.011960915,0.010435291,0.011410996,0.013559078,-0.1,-0.01665,-0.058325,-0.111116667,-0.2708375,0.006198038,0.00762645,0.008243799,0.008502875,0.009379398,7.99,7.99,7.99,7.99,7.99,2.4367,2.4367,2.4367,2.4367,2.4367
12/1/1985,0.007405432,0.011280622,0.010242869,0.009790177,0.011903812,-0.1667,-0.13335,-0.066675,-0.066666667,-0.1875,0.01014301,0.008170524,0.008633616,0.008629378,0.00940472,7.85,7.85,7.85,7.85,7.85,1.6567,1.6567,1.6567,1.6567,1.6567
3/1/1986,0.009291737,0.008348584,0.01015475,0.009739722,0.010645393,0,-0.08335,-0.05,-0.066666667,-0.104175,0.005185614,0.007664312,0.007645381,0.008050637,0.008293234,7.46,7.46,7.46,7.46,7.46,0.73,0.73,0.73,0.73,0.73
6/1/1986,0.004493728,0.006892732,0.009086677,0.009126157,0.009065816,0.1334,0.0667,-0.033325,-0.022216667,-0.033325,-0.004880156,0.000152729,0.004161626,0.005806654,0.006510216,6.61,6.61,6.61,6.61,6.61,0.6833,0.6833,0.6833,0.6833,0.6833
9/1/1986,0.009524818,0.007009273,0.007678929,0.009106258,0.00905711,-0.2,-0.0333,-0.058325,-0.044433333,-0.058325,0.006096027,0.000607936,0.004136124,0.005299566,0.006189961,5.99,5.99,5.99,5.99,5.99,1.1,1.1,1.1,1.1,1.1
12/1/1986,0.005356386,0.007440602,0.007166667,0.008537985,0.008704768,-0.1334,-0.1667,-0.05,-0.077783333,-0.0583375,0.006964751,0.006530389,0.003341559,0.004951214,0.005987587,5.8,5.8,5.8,5.8,5.8,0.9966,0.9966,0.9966,0.9966,0.9966
3/1/1987,0.007424088,0.006390237,0.006699755,0.007249365,0.008427252,-0.2333,-0.18335,-0.108325,-0.1,-0.0791625,0.011997443,0.009481097,0.005044516,0.005917781,0.006344949,5.92,5.92,5.92,5.92,5.92,0.9733,0.9733,0.9733,0.9733,0.9733
6/1/1987,0.010731193,0.00907764,0.008259121,0.007803658,0.008672899,-0.3333,-0.2833,-0.225,-0.127766667,-0.1291625,0.011266349,0.011631896,0.009081142,0.006105005,0.006621384,6.77,6.77,6.77,6.77,6.77,1.6933,1.6933,1.6933,1.6933,1.6933
9/1/1987,0.008638699,0.009684946,0.008037592,0.007694819,0.00785826,-0.2667,-0.3,-0.241675,-0.172216667,-0.15,0.01055728,0.010911815,0.010196456,0.007000282,0.00716629,7.13,7.13,7.13,7.13,7.13,2.0334,2.0334,2.0334,2.0334,2.0334
12/1/1987,0.017024778,0.012831739,0.01095469,0.009783327,0.009060678,-0.1667,-0.2167,-0.25,-0.222233333,-0.15,0.009291008,0.009924144,0.01077802,0.009362143,0.007059789,7.24,7.24,7.24,7.24,7.24,2.2066,2.2066,2.2066,2.2066,2.2066
3/1/1988,0.005152964,0.011088871,0.010386909,0.009054685,0.008543332,-0.1333,-0.15,-0.225,-0.211116667,-0.1666625,0.007773181,0.008532094,0.009721954,0.009641668,0.007383235,6.78,6.78,6.78,6.78,6.78,1.7534,1.7534,1.7534,1.7534,1.7534
6/1/1988,0.013053109,0.009103036,0.010967388,0.010337472,0.009613254,-0.2333,-0.1833,-0.2,-0.227766667,-0.2125,0.011406454,0.009589817,0.009756981,0.010381952,0.009419061,7.3,7.3,7.3,7.3,7.3,1.7533,1.7533,1.7533,1.7533,1.7533
9/1/1988,0.005842189,0.009447649,0.01026826,0.010073822,0.009152926,0,-0.11665,-0.133325,-0.188883333,-0.1875,0.012117661,0.011762057,0.010147076,0.010401989,0.010171766,8,8,8,8,8,1.1167,1.1167,1.1167,1.1167,1.1167
12/1/1988,0.013236962,0.009539575,0.009321306,0.01049145,0.010137998,-0.1334,-0.0667,-0.125,-0.155566667,-0.1875,0.01086513,0.011491395,0.010540606,0.010335119,0.010659313,8.53,8.53,8.53,8.53,8.53,0.4867,0.4867,0.4867,0.4867,0.4867
3/1/1989,0.010114698,0.01167583,0.01056174,0.01073745,0.010474324,-0.1333,-0.13335,-0.125,-0.133333333,-0.175,0.011296716,0.011080923,0.01142149,0.010458358,0.010571722,9.29,9.29,9.29,9.29,9.29,-0.2366,-0.2366,-0.2366,-0.2366,-0.2366
6/1/1989,0.00760371,0.008859204,0.00919939,0.009167272,0.010083389,0.0333,-0.05,-0.05835,-0.1,-0.129175,0.016034587,0.013665652,0.012578524,0.011582288,0.011167752,8.93,8.93,8.93,8.93,8.93,-0.9534,-0.9534,-0.9534,-0.9534,-0.9534
9/1/1989,0.007381497,0.007492603,0.009584217,0.009538694,0.009926238,0,0.01665,-0.05835,-0.077783333,-0.0958375,0.00778868,0.011911634,0.011496278,0.011584871,0.010821677,8.1,8.1,8.1,8.1,8.1,-0.9766,-0.9766,-0.9766,-0.9766,-0.9766
12/1/1989,0.001968529,0.004675013,0.006767108,0.007691264,0.008044207,0.1334,0.0667,0.00835,-0.016666667,-0.058325,0.010114804,0.008951742,0.011308697,0.011369596,0.010924652,7.83,7.83,7.83,7.83,7.83,-0.7066,-0.7066,-0.7066,-0.7066,-0.7066
3/1/1990,0.010868625,0.006418577,0.00695559,0.008529003,0.008758665,-0.0667,0.03335,0.025,-0.027783333,-0.05,0.017066976,0.01359089,0.012751262,0.012194482,0.012086376,8.13,8.13,8.13,8.13,8.13,0.1733,0.1733,0.1733,0.1733,0.1733
6/1/1990,0.003622513,0.007245569,0.005960291,0.006926595,0.00757984,0.0333,-0.0167,0.025,0,-0.016675,0.009844899,0.013455938,0.01120384,0.012024444,0.011891182,8.27,8.27,8.27,8.27,8.27,0.4334,0.4334,0.4334,0.4334,0.4334
9/1/1990,0.000665008,0.002143761,0.004281169,0.005351647,0.006932693,0.3667,0.2,0.116675,0.083333333,0.0291625,0.017124766,0.013484833,0.013537861,0.012995785,0.01251707,7.83,7.83,7.83,7.83,7.83,0.5433,0.5433,0.5433,0.5433,0.5433
12/1/1990,-0.009145487,-0.004240239,0.001502665,0.002560114,0.004134887,0.4333,0.4,0.19165,0.15,0.1,0.016837186,0.016980976,0.015218457,0.013129552,0.013263577,7.3,7.3,7.3,7.3,7.3,0.6534,0.6534,0.6534,0.6534,0.6534
3/1/1991,-0.004689416,-0.006917452,-0.002386846,0.000548295,0.002284372,0.4667,0.45,0.325,0.227783333,0.175,0.007447898,0.012142542,0.012813687,0.013072755,0.012782475,6.44,6.44,6.44,6.44,6.44,1.59,1.59,1.59,1.59,1.59
6/1/1991,0.007766947,0.001538766,-0.001350737,0.001514698,0.002304777,0.2333,0.35,0.375,0.244433333,0.2,0.005918635,0.006683266,0.011832121,0.012373393,0.01151798,6.24,6.24,6.24,6.24,6.24,2.2667,2.2667,2.2667,2.2667,2.2667
9/1/1991,0.005040243,0.006403595,-0.000256928,0.000543301,0.00201212,0.0334,0.13335,0.291675,0.261116667,0.204175,0.007593177,0.006755906,0.009449224,0.010794427,0.011493543,5.89,5.89,5.89,5.89,5.89,2.2967,2.2967,2.2967,2.2967,2.2967
12/1/1991,0.003478928,0.004259585,0.002899175,0.000519371,0.00220092,0.2333,0.13335,0.241675,0.29445,0.2166625,0.008262259,0.007927718,0.007305492,0.010530653,0.011261975,4.87,4.87,4.87,4.87,4.87,2.53,2.53,2.53,2.53,2.53
3/1/1992,0.011899437,0.007689182,0.007046389,0.002391775,0.002329772,0.2667,0.25,0.191675,0.277783333,0.2583375,0.006754005,0.007508132,0.007132019,0.008802193,0.009972853,4.36,4.36,4.36,4.36,4.36,3.28,3.28,3.28,3.28,3.28
6/1/1992,0.010785164,0.0113423,0.007800943,0.00571355,0.003225103,0.2333,0.25,0.191675,0.24445,0.2833375,0.007662394,0.0072082,0.007567959,0.007273061,0.00970004,4.22,4.22,4.22,4.22,4.22,3.6067,3.6067,3.6067,3.6067,3.6067
9/1/1992,0.009834205,0.010309684,0.008999433,0.008134154,0.004371253,0.0333,0.1333,0.19165,0.172216667,0.2416625,0.007604838,0.007633616,0.007570874,0.007299218,0.008510049,3.42,3.42,3.42,3.42,3.42,3.36,3.36,3.36,3.36,3.36
12/1/1992,0.010377613,0.010105909,0.010724104,0.008569265,0.00681164,-0.2666,-0.11665,0.066675,0.0889,0.154175,0.008721093,0.008162966,0.007685583,0.007766295,0.007495537,3.56,3.56,3.56,3.56,3.56,3.7066,3.7066,3.7066,3.7066,3.7066
3/1/1993,0.001672603,0.006025108,0.008167396,0.008007992,0.007606892,-0.2334,-0.25,-0.05835,0.044433333,0.0666625,0.007249418,0.007985256,0.007809436,0.007709001,0.007470727,3.41,3.41,3.41,3.41,3.41,3.24,3.24,3.24,3.24,3.24
6/1/1993,0.005807301,0.003739952,0.00692293,0.008396054,0.007361937,-0.0666,-0.15,-0.133325,-0.00555,0.029175,0.007196548,0.007222983,0.007692974,0.007531383,0.007630467,3.38,3.38,3.38,3.38,3.38,2.99,2.99,2.99,2.99,2.99
9/1/1993,0.004761792,0.005284547,0.005654827,0.007206446,0.00732713,-0.2667,-0.16665,-0.208325,-0.09445,-0.0083375,0.004615978,0.005906263,0.006945759,0.007175045,0.007258317,3.42,3.42,3.42,3.42,3.42,2.5567,2.5567,2.5567,2.5567,2.5567
12/1/1993,0.013509468,0.00913563,0.006437791,0.007660497,0.008580948,-0.1667,-0.2167,-0.18335,-0.161116667,-0.0583375,0.008255032,0.006435505,0.006829244,0.007273818,0.007257413,3.53,3.53,3.53,3.53,3.53,2.6167,2.6167,2.6167,2.6167,2.6167
3/1/1994,0.009655399,0.011582434,0.00843349,0.007630696,0.008300443,-0.0666,-0.11665,-0.14165,-0.177766667,-0.1,0.005011172,0.006633102,0.006269683,0.00684154,0.007039559,3.91,3.91,3.91,3.91,3.91,2.8534,2.8534,2.8534,2.8534,2.8534
6/1/1994,0.013459472,0.011557436,0.010346533,0.008144339,0.008634732,-0.3667,-0.21665,-0.216675,-0.19445,-0.175,0.005664228,0.0053377,0.005886603,0.006332063,0.006789788,5.13,5.13,5.13,5.13,5.13,3.1433,3.1433,3.1433,3.1433,3.1433
9/1/1994,0.005828136,0.009643804,0.010613119,0.008836928,0.008133973,-0.2,-0.28335,-0.2,-0.188883333,-0.2041625,0.009221027,0.007442627,0.007037865,0.006660664,0.006991812,5.6,5.6,5.6,5.6,5.6,2.8466,2.8466,2.8466,2.8466,2.8466
12/1/1994,0.01139013,0.008609133,0.010083284,0.0097674,0.008260538,-0.3667,-0.28335,-0.25,-0.2389,-0.216675,0.00580381,0.007512418,0.006425059,0.006428541,0.006627152,6.6,6.6,6.6,6.6,6.6,2.67,2.67,2.67,2.67,2.67
3/1/1995,0.003541284,0.007465707,0.008554755,0.009563981,0.008494123,-0.1666,-0.26665,-0.275,-0.222216667,-0.208325,0.007317916,0.006560863,0.007001745,0.006878864,0.006635714,6.73,6.73,6.73,6.73,6.73,1.6733,1.6733,1.6733,1.6733,1.6733
6/1/1995,0.002978967,0.003260125,0.005934629,0.007808898,0.008140581,0.2,0.0167,-0.133325,-0.1611,-0.175,0.008141534,0.007729725,0.007621072,0.006859948,0.006753837,5.97,5.97,5.97,5.97,5.97,0.6,0.6,0.6,0.6,0.6
9/1/1995,0.008470797,0.005724882,0.006595294,0.007611464,0.008604207,0,0.1,-0.083325,-0.15,-0.1416625,0.005028101,0.006584817,0.00657284,0.006862769,0.006805352,5.65,5.65,5.65,5.65,5.65,0.5266,0.5266,0.5266,0.5266,0.5266
12/1/1995,0.006767261,0.007619029,0.005439577,0.006496096,0.007761431,-0.1,-0.05,-0.01665,-0.10555,-0.133325,0.005436351,0.005232226,0.006480975,0.00682479,0.006453017,5.44,5.44,5.44,5.44,5.44,0.1733,0.1733,0.1733,0.1733,0.1733
3/1/1996,0.007461561,0.007114411,0.006419646,0.006768333,0.007487201,-0.0334,-0.0667,0.01665,-0.077783333,-0.129175,0.008852696,0.007144524,0.00686467,0.006763401,0.006933208,5.12,5.12,5.12,5.12,5.12,0.5467,0.5467,0.5467,0.5467,0.5467
6/1/1996,0.016540916,0.012001239,0.009810134,0.007626798,0.007872381,-0.0333,-0.03335,-0.041675,-0.022216667,-0.0875,0.008561481,0.008707089,0.006969657,0.007223013,0.007295364,5.66,5.66,5.66,5.66,5.66,1.4767,1.4767,1.4767,1.4767,1.4767
9/1/1996,0.008929923,0.012735419,0.009924915,0.008524904,0.008260105,-0.2333,-0.1333,-0.1,-0.033333333,-0.0916625,0.005737982,0.007149732,0.007147128,0.006959691,0.006859984,5.78,5.78,5.78,5.78,5.78,1.4733,1.4733,1.4733,1.4733,1.4733
12/1/1996,0.010330278,0.009630101,0.01081567,0.009750123,0.008127623,0.0666,-0.08335,-0.05835,-0.055566667,-0.0375,0.008650966,0.007194474,0.007950781,0.007044596,0.007215878,5.48,5.48,5.48,5.48,5.48,1.0633,1.0633,1.0633,1.0633,1.0633
3/1/1997,0.006434895,0.008382587,0.010559003,0.009410806,0.008489325,-0.1,-0.0167,-0.075,-0.072233333,-0.029175,0.006073534,0.00736225,0.007255991,0.007218835,0.007060331,5.65,5.65,5.65,5.65,5.65,1.2866,1.2866,1.2866,1.2866,1.2866
6/1/1997,0.016483414,0.011459154,0.010544628,0.011030165,0.010177381,-0.2333,-0.16665,-0.125,-0.09445,-0.0833375,0.002294505,0.00418402,0.005689247,0.006695194,0.006329452,5.85,5.85,5.85,5.85,5.85,1.1734,1.1734,1.1734,1.1734,1.1734
9/1/1997,0.012430896,0.014457155,0.011419871,0.011858387,0.010672393,-0.1333,-0.1833,-0.1,-0.1111,-0.1,0.004987542,0.003641023,0.005501637,0.006051002,0.006324382,5.54,5.54,5.54,5.54,5.54,0.71,0.71,0.71,0.71,0.71
12/1/1997,0.008551497,0.010491196,0.010975175,0.010526817,0.010895422,-0.2,-0.16665,-0.16665,-0.138883333,-0.1125,0.005375452,0.005181497,0.004682758,0.005519997,0.00631677,5.48,5.48,5.48,5.48,5.48,0.4,0.4,0.4,0.4,0.4
3/1/1998,0.009945181,0.009248339,0.011852747,0.010696027,0.011205875,-0.0334,-0.1167,-0.15,-0.105566667,-0.1125,0.002059527,0.003717489,0.003679256,0.004906921,0.005467624,5.31,5.31,5.31,5.31,5.31,0.0667,0.0667,0.0667,0.0667,0.0667
6/1/1998,0.009215478,0.00958033,0.010035763,0.010510227,0.010290195,-0.2333,-0.13335,-0.15,-0.15555,-0.1375,0.003286569,0.002673048,0.003927272,0.004012855,0.004808259,5.41,5.41,5.41,5.41,5.41,0.0967,0.0967,0.0967,0.0967,0.0967
9/1/1998,0.012447877,0.010831677,0.010040008,0.01151239,0.010729939,0.1333,-0.05,-0.08335,-0.116666667,-0.091675,0.005114463,0.004200516,0.003959003,0.00385301,0.00473032,5.09,5.09,5.09,5.09,5.09,-0.33,-0.33,-0.33,-0.33,-0.33
12/1/1998,0.016029638,0.014238758,0.011909544,0.011436761,0.011442359,-0.1,0.01665,-0.05835,-0.09445,-0.1125,0.004681535,0.004897999,0.003785524,0.004250848,0.004234141,4.39,4.39,4.39,4.39,4.39,-0.19,-0.19,-0.19,-0.19,-0.19
3/1/1999,0.009420209,0.012724924,0.011778301,0.01093498,0.011815524,-0.1333,-0.11665,-0.083325,-0.09445,-0.1166625,0.0036489,0.004165218,0.004182867,0.004027741,0.003931062,4.66,4.66,4.66,4.66,4.66,0.25,0.25,0.25,0.25,0.25
6/1/1999,0.007662157,0.008541183,0.01138997,0.010786757,0.010712867,-0.0333,-0.0833,-0.033325,-0.066666667,-0.0916625,0.007459363,0.005554132,0.005226065,0.00437506,0.004576669,4.88,4.88,4.88,4.88,4.88,0.7933,0.7933,0.7933,0.7933,0.7933
9/1/1999,0.013011629,0.010336893,0.011530908,0.011297831,0.010785458,-0.0334,-0.03335,-0.075,-0.066666667,-0.079175,0.007403535,0.007431449,0.005798333,0.005265728,0.004878668,5.16,5.16,5.16,5.16,5.16,0.79,0.79,0.79,0.79,0.79
12/1/1999,0.016853037,0.014932333,0.011736758,0.012570758,0.011823151,-0.1666,-0.1,-0.09165,-0.05555,-0.075,0.007349125,0.00737633,0.006465231,0.00594282,0.005125377,5.61,5.61,5.61,5.61,5.61,0.8333,0.8333,0.8333,0.8333,0.8333
3/1/2000,0.003611074,0.010232055,0.010284474,0.011097957,0.011031387,-0.0334,-0.1,-0.066675,-0.083333333,-0.075,0.009846674,0.008597899,0.008014674,0.006731522,0.006098771,6.19,6.19,6.19,6.19,6.19,0.8033,0.8033,0.8033,0.8033,0.8033
6/1/2000,0.018146008,0.010878541,0.012905437,0.011450685,0.012147703,-0.1,-0.0667,-0.08335,-0.083333333,-0.0583375,0.00780777,0.008827222,0.008101776,0.007252561,0.006663921,6.22,6.22,6.22,6.22,6.22,-0.0966,-0.0966,-0.0966,-0.0966,-0.0966
9/1/2000,0.001334662,0.009740335,0.009986195,0.010103094,0.010758552,0.0667,-0.01665,-0.058325,-0.05,-0.0666625,0.009097325,0.008452548,0.008525223,0.008160632,0.007161778,6.13,6.13,6.13,6.13,6.13,-0.6267,-0.6267,-0.6267,-0.6267,-0.6267
12/1/2000,0.006209577,0.003772119,0.00732533,0.009860998,0.009531044,-0.1,-0.01665,-0.041675,-0.061116667,-0.0666625,0.007103611,0.008100468,0.008463845,0.00810134,0.007464538,5.9,5.9,5.9,5.9,5.9,-0.9066,-0.9066,-0.9066,-0.9066,-0.9066
3/1/2001,-0.002855851,0.001676863,0.005708599,0.007216418,0.007996536,0.3333,0.11665,0.05,0,-0.0083375,0.009520446,0.008312029,0.008382288,0.008454159,0.008198481,4.6,4.6,4.6,4.6,4.6,-0.5433,-0.5433,-0.5433,-0.5433,-0.5433
6/1/2001,0.005828539,0.001486344,0.002629232,0.005379001,0.007767334,0.1667,0.25,0.116675,0.05555,0.0166625,0.006986905,0.008253675,0.008177072,0.008393788,0.008139424,3.78,3.78,3.78,3.78,3.78,0.9433,0.9433,0.9433,0.9433,0.9433
9/1/2001,-0.004159018,0.000834761,0.001255812,0.004083986,0.005621003,0.4333,0.3,0.208325,0.133333333,0.075,0.002818757,0.004902831,0.00660743,0.007222469,0.007566327,3.3,3.3,3.3,3.3,3.3,1.4833,1.4833,1.4833,1.4833,1.4833
12/1/2001,0.002720011,-0.000719503,0.00038342,0.001512987,0.003854375,0.6667,0.55,0.4,0.261116667,0.1791625,-0.000750704,0.001034026,0.004643851,0.005796057,0.006553848,2.24,2.24,2.24,2.24,2.24,2.6367,2.6367,2.6367,2.6367,2.6367
3/1/2002,0.008707125,0.005713568,0.003274164,0.002741731,0.004491382,0.2,0.43335,0.366675,0.283333333,0.2083375,0.00318759,0.001218443,0.003060637,0.004811101,0.005721462,2.32,2.32,2.32,2.32,2.32,3.3434,3.3434,3.3434,3.3434,3.3434
6/1/2002,0.006039054,0.007373089,0.003326793,0.00271331,0.002978012,0.1333,0.16665,0.358325,0.322216667,0.2375,0.007831476,0.005509533,0.00327178,0.004932412,0.005724426,2.34,2.34,2.34,2.34,2.34,3.35,3.35,3.35,3.35,3.35
9/1/2002,0.00443586,0.005237457,0.005475512,0.003928595,0.003365662,-0.1,0.01665,0.225,0.25,0.2166625,0.005371505,0.006601491,0.003909967,0.004240921,0.005258698,1.81,1.81,1.81,1.81,1.81,2.52,2.52,2.52,2.52,2.52
12/1/2002,0.001547029,0.002991445,0.005182267,0.00321501,0.002782844,0.1334,0.0167,0.091675,0.24445,0.2458375,0.005894473,0.005632989,0.005571261,0.00405885,0.005107556,1.53,1.53,1.53,1.53,1.53,2.5634,2.5634,2.5634,2.5634,2.5634
3/1/2003,0.005532336,0.003539682,0.00438857,0.004830236,0.003831367,0,0.0667,0.041675,0.172233333,0.204175,0.010232319,0.008063396,0.007332443,0.005294443,0.00519654,1.3,1.3,1.3,1.3,1.3,2.67,2.67,2.67,2.67,2.67
6/1/2003,0.008565807,0.007049071,0.005020258,0.005804535,0.004173525,0.2666,0.1333,0.075,0.10555,0.2166625,-0.001637406,0.004297457,0.004965223,0.00514666,0.004118501,1.15,1.15,1.15,1.15,1.15,2.3733,2.3733,2.3733,2.3733,2.3733
9/1/2003,0.016839511,0.012702659,0.008121171,0.007159933,0.006798341,0,0.1333,0.1,0.072216667,0.1625,0.007437313,0.002899954,0.005481675,0.005854947,0.004695821,1.22,1.22,1.22,1.22,1.22,3.2166,3.2166,3.2166,3.2166,3.2166
12/1/2003,0.011416256,0.014127883,0.010588477,0.008056133,0.007885372,-0.3,-0.15,-0.00835,0,0.0416625,0.003788226,0.005612769,0.004955113,0.005181072,0.005263187,1.3,1.3,1.3,1.3,1.3,3.29,3.29,3.29,3.29,3.29
3/1/2004,0.005323279,0.008369768,0.010536213,0.008204036,0.007462391,-0.1333,-0.21665,-0.041675,-0.00555,0,0.008426944,0.006107585,0.004503769,0.005690312,0.005918106,1.22,1.22,1.22,1.22,1.22,3.0167,3.0167,3.0167,3.0167,3.0167
6/1/2004,0.007591872,0.006457576,0.01029273,0.00921151,0.007656494,-0.1,-0.11665,-0.133325,-0.04445,-0.0291625,0.007825222,0.008126083,0.006869426,0.006012103,0.005917325,1.78,1.78,1.78,1.78,1.78,3.59,3.59,3.59,3.59,3.59
9/1/2004,0.009408878,0.008500375,0.008435071,0.0098576,0.008278121,-0.1667,-0.13335,-0.175,-0.072233333,-0.0375,0.006357075,0.007091148,0.006599367,0.005366229,0.006040521,2.08,2.08,2.08,2.08,2.08,2.87,2.87,2.87,2.87,2.87
12/1/2004,0.009966906,0.009687892,0.008072734,0.010091117,0.009330606,0,-0.08335,-0.1,-0.116666667,-0.054175,0.010680132,0.008518603,0.008322343,0.007419152,0.006638728,2.47,2.47,2.47,2.47,2.47,2.2233,2.2233,2.2233,2.2233,2.2233
3/1/2005,0.011008815,0.010487861,0.009494118,0.009119335,0.010015166,-0.1333,-0.06665,-0.1,-0.138883333,-0.0708375,0.005037967,0.00785905,0.007475099,0.007019261,0.005989434,3.06,3.06,3.06,3.06,3.06,1.8267,1.8267,1.8267,1.8267,1.8267
6/1/2005,0.004604994,0.007806905,0.008747398,0.007984124,0.009520064,-0.2,-0.16665,-0.125,-0.122216667,-0.1291625,0.006735194,0.005886581,0.007202592,0.007510422,0.007036009,3.34,3.34,3.34,3.34,3.34,1.2167,1.2167,1.2167,1.2167,1.2167
9/1/2005,0.008873849,0.006739422,0.008613641,0.008575886,0.008524356,-0.1333,-0.16665,-0.11665,-0.122216667,-0.145825,0.015032567,0.010883881,0.009371465,0.00861136,0.007985416,3.79,3.79,3.79,3.79,3.79,0.7533,0.7533,0.7533,0.7533,0.7533
12/1/2005,0.006294777,0.007584313,0.007695609,0.008359703,0.007884171,0,-0.06665,-0.11665,-0.10555,-0.108325,0.009281816,0.012157192,0.009021886,0.008854125,0.008672115,4.29,4.29,4.29,4.29,4.29,0.51,0.51,0.51,0.51,0.51
3/1/2006,0.013215165,0.009754971,0.008247196,0.008994084,0.008870657,-0.2334,-0.1167,-0.141675,-0.116666667,-0.1208375,0.005194282,0.007238049,0.009060965,0.008660326,0.008268032,4.63,4.63,4.63,4.63,4.63,0.1133,0.1133,0.1133,0.1133,0.1133
6/1/2006,0.002334271,0.007774718,0.007679516,0.007721979,0.008213457,-0.1,-0.1667,-0.116675,-0.133333333,-0.1208375,0.008983589,0.007088935,0.009623063,0.008377569,0.008412828,5.02,5.02,5.02,5.02,5.02,0.1633,0.1633,0.1633,0.1633,0.1633
9/1/2006,0.001545134,0.001939702,0.005847337,0.006144698,0.007230489,0,-0.05,-0.08335,-0.111116667,-0.1,0.00939593,0.00918976,0.008213904,0.009103896,0.008792685,5.09,5.09,5.09,5.09,5.09,-0.35,-0.35,-0.35,-0.35,-0.35
12/1/2006,0.008482573,0.005013853,0.006394286,0.006790962,0.007044947,-0.2,-0.1,-0.13335,-0.111116667,-0.125,-0.004110487,0.002642722,0.004865829,0.007296283,0.006943857,4.99,4.99,4.99,4.99,4.99,-0.6167,-0.6167,-0.6167,-0.6167,-0.6167
3/1/2007,0.002352163,0.005417368,0.003678535,0.005704014,0.005962866,0.0667,-0.06665,-0.058325,-0.077783333,-0.1,0.009756372,0.002822943,0.006006351,0.006416917,0.007533658,5.01,5.01,5.01,5.01,5.01,-0.5767,-0.5767,-0.5767,-0.5767,-0.5767
6/1/2007,0.005712377,0.00403227,0.004523062,0.005606947,0.006101289,0,0.03335,-0.033325,-0.077783333,-0.075,0.011261885,0.010509128,0.006575925,0.006746928,0.008099494,4.93,4.93,4.93,4.93,4.93,-0.4033,-0.4033,-0.4033,-0.4033,-0.4033
9/1/2007,0.005418009,0.005565193,0.005491281,0.004307421,0.005669309,0.1667,0.08335,0.00835,-0.0111,-0.0375,0.006310174,0.008786029,0.005804486,0.00693291,0.007009195,4.52,4.52,4.52,4.52,4.52,-0.3433,-0.3433,-0.3433,-0.3433,-0.3433
12/1/2007,0.00606002,0.005739015,0.004885642,0.004928379,0.005639964,0.1333,0.15,0.091675,0.027783333,-0.0208375,0.012191953,0.009251063,0.009880096,0.007467638,0.007372962,3.62,3.62,3.62,3.62,3.62,-0.2367,-0.2367,-0.2367,-0.2367,-0.2367
3/1/2008,-0.005763576,0.000148222,0.002856708,0.003710261,0.003267621,0.2,0.16665,0.125,0.061116667,0.0333375,0.010773639,0.011482796,0.010134413,0.007697256,0.008070382,2.1,2.1,2.1,2.1,2.1,0.4866,0.4866,0.4866,0.4866,0.4866
6/1/2008,0.005150584,-0.000306496,0.002716259,0.00315493,0.003619661,0.3333,0.26665,0.208325,0.15,0.0875,0.012925476,0.011849558,0.010550311,0.010536583,0.008563118,2.07,2.07,2.07,2.07,2.07,1.8,1.8,1.8,1.8,1.8
9/1/2008,-0.005428262,-0.000138839,4.69E-06,0.001858192,0.002747986,0.6667,0.5,0.333325,0.25,0.1708375,0.015300989,0.014113232,0.012798014,0.011460686,0.00930125,2.12,2.12,2.12,2.12,2.12,1.9233,1.9233,1.9233,1.9233,1.9233
12/1/2008,-0.021875649,-0.013651956,-0.006979226,-0.002739812,-0.001046792,0.8667,0.7667,0.516675,0.39445,0.304175,-0.023168069,-0.00393354,0.003958009,0.00572236,0.006919052,0.99,0.99,0.99,0.99,0.99,2.7466,2.7466,2.7466,2.7466,2.7466
3/1/2009,-0.011290448,-0.016583049,-0.008360944,-0.005524555,-0.002752118,1.4,1.13335,0.816675,0.6,0.4708375,-0.006902462,-0.015035266,-0.000461017,0.003520254,0.004836698,0.57,0.57,0.57,0.57,0.57,2.5534,2.5534,2.5534,2.5534,2.5534
6/1/2009,-0.001440935,-0.006365692,-0.010008824,-0.006774715,-0.003646282,1.0333,1.21665,0.991675,0.75,0.6,0.005303326,-0.000799568,-0.002366554,0.00237215,0.004091878,0.52,0.52,0.52,0.52,0.52,3.1333,3.1333,3.1333,3.1333,3.1333
9/1/2009,0.003634498,0.001096782,-0.007743134,-0.005208369,-0.003869221,0.3333,0.6833,0.908325,0.772216667,0.620825,0.00856713,0.006935228,-0.004050019,0.002004398,0.004373998,0.45,0.45,0.45,0.45,0.45,3.36,3.36,3.36,3.36,3.36
12/1/2009,0.010923957,0.007279227,0.000456768,-0.00424614,-0.003261229,0.3,0.31665,0.76665,0.766666667,0.6416625,0.007798843,0.008182987,0.003691709,0.001149959,0.003824859,0.35,0.35,0.35,0.35,0.35,3.34,3.34,3.34,3.34,3.34
3/1/2010,0.003840414,0.007382185,0.004239483,-0.002701361,-0.00206073,-0.1,0.1,0.39165,0.638883333,0.6041625,0.001583779,0.004691311,0.00581327,-0.001136242,0.002676127,0.37,0.37,0.37,0.37,0.37,3.5834,3.5834,3.5834,3.5834,3.5834
6/1/2010,0.009178036,0.006509225,0.006894226,0.002474253,-0.001557299,-0.2,-0.15,0.083325,0.4611,0.5375,-0.00035291,0.000615435,0.004399211,0.002666284,0.001016328,0.38,0.38,0.38,0.38,0.38,3.2967,3.2967,3.2967,3.2967,3.2967
9/1/2010,0.007345072,0.008261554,0.007821869,0.005580173,3.94E-05,-0.1666,-0.1833,-0.04165,0.2,0.4333375,0.002927179,0.001287134,0.002989223,0.004304558,-0.000530398,0.27,0.27,0.27,0.27,0.27,2.6,2.6,2.6,2.6,2.6
12/1/2010,0.005006472,0.006175772,0.006342498,0.006654741,0.003399633,0.0333,-0.06665,-0.108325,0.033333333,0.3291625,0.008064786,0.005495983,0.003055709,0.004764801,0.003373709,0.26,0.26,0.26,0.26,0.26,2.6766,2.6766,2.6766,2.6766,2.6766
3/1/2011,-0.002407308,0.001299582,0.004780568,0.005647774,0.004510026,-0.4667,-0.2167,-0.2,-0.1,0.095825,0.010615782,0.009340284,0.005313709,0.005106243,0.00556349,0.27,0.27,0.27,0.27,0.27,3.3033,3.3033,3.3033,3.3033,3.3033
6/1/2011,0.007124295,0.002358494,0.004267133,0.005014497,0.005580679,0.0334,-0.21665,-0.14165,-0.144433333,-0.0291625,0.011305683,0.010960732,0.008228358,0.005690717,0.006313784,0.21,0.21,0.21,0.21,0.21,3.1167,3.1167,3.1167,3.1167,3.1167
9/1/2011,-0.000277825,0.003423235,0.002361409,0.004328124,0.005091639,-0.0667,-0.01665,-0.116675,-0.138883333,-0.0791625,0.006499787,0.008902735,0.009121509,0.006510051,0.006055366,0.13,0.13,0.13,0.13,0.13,2.3434,2.3434,2.3434,2.3434,2.3434
12/1/2011,0.011526168,0.005624171,0.003991332,0.004719479,0.005166915,-0.3667,-0.2167,-0.216675,-0.166666667,-0.1625,0.004478687,0.005489237,0.008224985,0.007315317,0.005640347,0.11,0.11,0.11,0.11,0.11,1.9734,1.9734,1.9734,1.9734,1.9734
3/1/2012,0.007799433,0.0096628,0.006543018,0.004795206,0.005661793,-0.3666,-0.36665,-0.19165,-0.2,-0.195825,0.005616066,0.005047377,0.006975056,0.007763465,0.006144382,0.16,0.16,0.16,0.16,0.16,1.9334,1.9334,1.9334,1.9334,1.9334
6/1/2012,0.004292788,0.00604611,0.005835141,0.004676258,0.005051137,-0.0667,-0.21665,-0.216675,-0.216666667,-0.1791625,0.002108792,0.003862429,0.004675833,0.006770799,0.006452095,0.19,0.19,0.19,0.19,0.19,1.67,1.67,1.67,1.67,1.67
9/1/2012,0.001348572,0.00282068,0.00624174,0.005302238,0.004301574,-0.1667,-0.1167,-0.241675,-0.166666667,-0.179175,0.004504542,0.003306667,0.004177022,0.005752259,0.006649266,0.18,0.18,0.18,0.18,0.18,1.5,1.5,1.5,1.5,1.5
12/1/2012,0.001138085,0.001243328,0.003644719,0.004304537,0.003818026,-0.2333,-0.2,-0.208325,-0.211116667,-0.2125,0.00662737,0.005565956,0.004714192,0.00497254,0.006469588,0.17,0.17,0.17,0.17,0.17,1.5467,1.5467,1.5467,1.5467,1.5467
3/1/2013,0.00881776,0.004977922,0.003899301,0.005820468,0.005221159,-0.0667,-0.15,-0.13335,-0.211116667,-0.1625,0.004011491,0.00531943,0.004313049,0.004557825,0.005644052,0.15,0.15,0.15,0.15,0.15,1.8067,1.8067,1.8067,1.8067,1.8067
6/1/2013,0.001233204,0.005025482,0.003134405,0.004104974,0.004484773,-0.2,-0.13335,-0.166675,-0.183333333,-0.191675,-0.001095308,0.001458092,0.003512024,0.003628825,0.004093928,0.13,0.13,0.13,0.13,0.13,1.88,1.88,1.88,1.88,1.88
9/1/2013,0.007803624,0.004518414,0.004748168,0.004105672,0.005494954,-0.3,-0.25,-0.2,-0.172233333,-0.2208375,0.005393861,0.002149276,0.003734353,0.003591791,0.003955687,0.12,0.12,0.12,0.12,0.12,2.6267,2.6267,2.6267,2.6267,2.6267
12/1/2013,0.007950798,0.007877211,0.006451346,0.00471534,0.005048033,-0.3,-0.3,-0.216675,-0.211116667,-0.2125,0.003690994,0.004542427,0.003000259,0.003855491,0.003857226,0.12,0.12,0.12,0.12,0.12,2.66,2.66,2.66,2.66,2.66
3/1/2014,-0.00252081,0.002714994,0.003616704,0.004070443,0.003758003,-0.2666,-0.2833,-0.26665,-0.227766667,-0.2,0.006208409,0.004949701,0.003549489,0.004139469,0.003931269,0.12,0.12,0.12,0.12,0.12,2.69,2.69,2.69,2.69,2.69
6/1/2014,0.012460774,0.004969982,0.006423596,0.005957558,0.004779001,-0.4667,-0.36665,-0.333325,-0.266666667,-0.25,0.005296595,0.005752502,0.005147465,0.003917674,0.004329744,0.1,0.1,0.1,0.1,0.1,2.53,2.53,2.53,2.53,2.53
9/1/2014,0.012016617,0.012238695,0.007476844,0.006490701,0.006112506,-0.1333,-0.3,-0.29165,-0.277766667,-0.245825,0.002555074,0.003925834,0.004437768,0.003674937,0.004086061,0.11,0.11,0.11,0.11,0.11,2.4067,2.4067,2.4067,2.4067,2.4067
12/1/2014,0.004707408,0.008362012,0.006665997,0.007069735,0.006558672,-0.3667,-0.25,-0.308325,-0.30555,-0.2625,-0.002487529,3.38E-05,0.002893137,0.003442901,0.002946698,0.15,0.15,0.15,0.15,0.15,2.18,2.18,2.18,2.18,2.18
3/1/2015,0.008193492,0.00645045,0.009344573,0.007134713,0.006480638,-0.1667,-0.2667,-0.28335,-0.283333333,-0.275,-0.006643707,-0.004565618,-0.000319892,0.001436639,0.001614799,0.22,0.22,0.22,0.22,0.22,1.8567,1.8567,1.8567,1.8567,1.8567
6/1/2015,0.008212324,0.008202908,0.00828246,0.007178301,0.007353028,-0.1,-0.13335,-0.191675,-0.25,-0.2625,0.006853488,0.000104891,6.93E-05,0.001963722,0.002608398,0.25,0.25,0.25,0.25,0.25,2.0434,2.0434,2.0434,2.0434,2.0434
9/1/2015,0.002398279,0.005305302,0.005877876,0.007998149,0.00667736,-0.3333,-0.21665,-0.241675,-0.261116667,-0.2666625,0.003893431,0.00537346,0.000403921,0.001577892,0.002420844,0.35,0.35,0.35,0.35,0.35,2.0833,2.0833,2.0833,2.0833,2.0833
12/1/2015,0.000998595,0.001698437,0.004950673,0.006087786,0.005808335,-0.0667,-0.2,-0.166675,-0.19445,-0.2375,3.78E-05,0.001965634,0.001035262,0.000701432,0.0019642,0.46,0.46,0.46,0.46,0.46,2.03,2.03,2.03,2.03,2.03
3/1/2016,0.003839328,0.002418962,0.003862132,0.004724904,0.006603352,-0.1,-0.08335,-0.15,-0.1889,-0.216675,-0.000383895,-0.000173029,0.002600215,0.000211604,0.001140162,0.58,0.58,0.58,0.58,0.58,1.56,1.56,1.56,1.56,1.56
6/1/2016,0.005640053,0.004739691,0.003219064,0.004880345,0.005750762,-0.0333,-0.06665,-0.133325,-0.133333333,-0.1625,0.007149084,0.003382594,0.002674114,0.001817706,0.001371723,0.57,0.57,0.57,0.57,0.57,1.38,1.38,1.38,1.38,1.38
9/1/2016,0.004767681,0.005203867,0.003811414,0.004309377,0.004844645,0,-0.01665,-0.05,-0.10555,-0.1458375,0.004645,0.005897042,0.002862006,0.003699157,0.001632964,0.56,0.56,0.56,0.56,0.56,1.1666,1.1666,1.1666,1.1666,1.1666
12/1/2016,0.004366198,0.004566939,0.004653315,0.003668356,0.004801994,-0.1333,-0.06665,-0.06665,-0.1111,-0.1166625,0.006475223,0.005560111,0.004471353,0.003636113,0.002753308,0.76,0.76,0.76,0.76,0.76,1.68,1.68,1.68,1.68,1.68
3/1/2017,0.004423243,0.00439472,0.004799294,0.00400585,0.004330713,-0.1667,-0.15,-0.083325,-0.083333333,-0.1166625,0.006856079,0.006665651,0.006281346,0.004129888,0.004440781,0.89,0.89,0.89,0.89,0.89,1.7433,1.7433,1.7433,1.7433,1.7433
6/1/2017,0.007369455,0.005896349,0.005231644,0.00506766,0.004225354,-0.2333,-0.2,-0.133325,-0.1111,-0.133325,0.000963322,0.0039097,0.004734906,0.004284135,0.00370451,1.12,1.12,1.12,1.12,1.12,1.3133,1.3133,1.3133,1.3133,1.3133
9/1/2017,0.006960546,0.007165,0.00577986,0.005587863,0.004795637,-0.0667,-0.15,-0.15,-0.10555,-0.1,0.005325764,0.003144543,0.004905097,0.005235745,0.003883552,1.24,1.24,1.24,1.24,1.24,1.09,1.09,1.09,1.09,1.09
12/1/2017,0.005663305,0.006311925,0.006104137,0.005591738,0.005378726,-0.1667,-0.1167,-0.15835,-0.127783333,-0.1125,0.007733856,0.00652981,0.005219755,0.005333207,0.004845554,1.55,1.55,1.55,1.55,1.55,1.1667,1.1667,1.1667,1.1667,1.1667
